{
  "loss": 0.02927999012172222,
  "mae": 0.6101727485656738,
  "masked_mae": 0.02927999012172222,
  "masked_rmse": 0.043300095945596695,
  "rmse": 0.9365653395652771,
  "val_loss": 0.025351181626319885,
  "val_mae": 0.6161819696426392,
  "val_masked_mae": 0.025351181626319885,
  "val_masked_rmse": 0.0402456596493721,
  "val_rmse": 0.9451854825019836,
  "epoch": 9,
  "global_step": 6390
}