{
  "loss": 0.04024548456072807,
  "mae": 0.04024548456072807,
  "masked_mae": 0.04154803603887558,
  "masked_rmse": 0.05836626514792442,
  "rmse": 0.056690819561481476,
  "val_loss": 0.045970357954502106,
  "val_mae": 0.045970357954502106,
  "val_masked_mae": 0.04772517830133438,
  "val_masked_rmse": 0.06847482174634933,
  "val_rmse": 0.06615277379751205,
  "epoch": 8,
  "global_step": 5751
}