{
  "loss": 0.03046116977930069,
  "mae": 0.03046116977930069,
  "masked_mae": 0.034489914774894714,
  "masked_rmse": 0.04781484976410866,
  "rmse": 0.0417901948094368,
  "val_loss": 0.026812158524990082,
  "val_mae": 0.026812158524990082,
  "val_masked_mae": 0.03131355717778206,
  "val_masked_rmse": 0.043795593082904816,
  "val_rmse": 0.037169232964515686,
  "epoch": 9,
  "global_step": 6390
}