{
  "loss": 0.02971050702035427,
  "mae": 0.504040002822876,
  "masked_mae": 0.02971050702035427,
  "masked_rmse": 0.04369613900780678,
  "rmse": 1.1320286989212036,
  "val_loss": 0.030554436147212982,
  "val_mae": 0.5063863396644592,
  "val_masked_mae": 0.030554436147212982,
  "val_masked_rmse": 0.0713983029127121,
  "val_rmse": 1.136257529258728,
  "epoch": 8,
  "global_step": 5751
}