{
  "loss": 0.02653621695935726,
  "mae": 0.6234898567199707,
  "masked_mae": 0.02653621695935726,
  "masked_rmse": 0.038976751267910004,
  "rmse": 1.0231993198394775,
  "val_loss": 0.02430104836821556,
  "val_mae": 0.6274674534797668,
  "val_masked_mae": 0.02430104836821556,
  "val_masked_rmse": 0.03908461704850197,
  "val_rmse": 1.0263653993606567,
  "epoch": 8,
  "global_step": 5751
}