{
  "loss": 0.04806603118777275,
  "mae": 0.550004243850708,
  "masked_mae": 0.04806603118777275,
  "masked_rmse": 0.06982029974460602,
  "rmse": 0.7743882536888123,
  "val_loss": 0.03989516198635101,
  "val_mae": 0.5513635873794556,
  "val_masked_mae": 0.03989516198635101,
  "val_masked_rmse": 0.05731845274567604,
  "val_rmse": 0.7773144245147705,
  "epoch": 9,
  "global_step": 6390
}