{
  "loss": 0.030588388442993164,
  "mae": 0.030588388442993164,
  "masked_mae": 0.03302257880568504,
  "masked_rmse": 0.046458788216114044,
  "rmse": 0.043015338480472565,
  "val_loss": 0.03249739110469818,
  "val_mae": 0.03249739110469818,
  "val_masked_mae": 0.03519527614116669,
  "val_masked_rmse": 0.04981360584497452,
  "val_rmse": 0.04576336219906807,
  "epoch": 8,
  "global_step": 5751
}