{
  "loss": 0.034211669117212296,
  "mae": 0.034211669117212296,
  "masked_mae": 0.03614451736211777,
  "masked_rmse": 0.050801392644643784,
  "rmse": 0.048164814710617065,
  "val_loss": 0.03350243717432022,
  "val_mae": 0.03350243717432022,
  "val_masked_mae": 0.03597572445869446,
  "val_masked_rmse": 0.052494361996650696,
  "val_rmse": 0.04914103075861931,
  "epoch": 9,
  "global_step": 6390
}