{
  "loss": 0.0377301350235939,
  "mae": 0.0377301350235939,
  "masked_mae": 0.0443858802318573,
  "masked_rmse": 0.061525724828243256,
  "rmse": 0.05120696872472763,
  "val_loss": 0.03159050643444061,
  "val_mae": 0.03159050643444061,
  "val_masked_mae": 0.03760353475809097,
  "val_masked_rmse": 0.05359965190291405,
  "val_rmse": 0.04415270313620567,
  "epoch": 9,
  "global_step": 6390
}