{
  "loss": 0.0956946462392807,
  "mae": 0.0956946462392807,
  "masked_mae": 0.096164271235466,
  "masked_rmse": 0.1339217722415924,
  "rmse": 0.13341273367404938,
  "val_loss": 0.12361480295658112,
  "val_mae": 0.12361480295658112,
  "val_masked_mae": 0.12440016120672226,
  "val_masked_rmse": 0.18351130187511444,
  "val_rmse": 0.18270057439804077,
  "epoch": 7,
  "global_step": 5112
}