{
  "loss": 0.03166859224438667,
  "mae": 0.03166859224438667,
  "masked_mae": 0.036459993571043015,
  "masked_rmse": 0.050684813410043716,
  "rmse": 0.04332679510116577,
  "val_loss": 0.03139786422252655,
  "val_mae": 0.03139786422252655,
  "val_masked_mae": 0.03647448867559433,
  "val_masked_rmse": 0.04962838813662529,
  "val_rmse": 0.04183159023523331,
  "epoch": 8,
  "global_step": 5751
}