{
  "loss": 0.030576243996620178,
  "mae": 0.5708982348442078,
  "masked_mae": 0.030576243996620178,
  "masked_rmse": 0.04666593298316002,
  "rmse": 1.121647596359253,
  "val_loss": 0.028048880398273468,
  "val_mae": 0.573593258857727,
  "val_masked_mae": 0.028048880398273468,
  "val_masked_rmse": 0.04559866338968277,
  "val_rmse": 1.125645399093628,
  "epoch": 9,
  "global_step": 6390
}