{
  "loss": 0.02949194423854351,
  "mae": 0.02949194423854351,
  "masked_mae": 0.03236272558569908,
  "masked_rmse": 0.045177146792411804,
  "rmse": 0.04104819893836975,
  "val_loss": 0.024817215278744698,
  "val_mae": 0.024817215278744698,
  "val_masked_mae": 0.02826985903084278,
  "val_masked_rmse": 0.04139113426208496,
  "val_rmse": 0.03638127073645592,
  "epoch": 9,
  "global_step": 6390
}