{
  "loss": 0.03729158267378807,
  "mae": 0.4060511887073517,
  "masked_mae": 0.03729158267378807,
  "masked_rmse": 0.056102871894836426,
  "rmse": 1.0920844078063965,
  "val_loss": 0.03549622744321823,
  "val_mae": 0.41228002309799194,
  "val_masked_mae": 0.03549622744321823,
  "val_masked_rmse": 0.060534585267305374,
  "val_rmse": 1.113866925239563,
  "epoch": 9,
  "global_step": 6390
}