{
  "loss": 0.056055571883916855,
  "mae": 0.056055571883916855,
  "masked_mae": 0.06803950667381287,
  "masked_rmse": 0.09481699764728546,
  "rmse": 0.07690507918596268,
  "val_loss": 0.04719962179660797,
  "val_mae": 0.04719962179660797,
  "val_masked_mae": 0.05544693022966385,
  "val_masked_rmse": 0.07793568074703217,
  "val_rmse": 0.06401525437831879,
  "epoch": 9,
  "global_step": 6390
}