{
  "loss": 0.025958498939871788,
  "mae": 0.6071982979774475,
  "masked_mae": 0.025958498939871788,
  "masked_rmse": 0.038112081587314606,
  "rmse": 1.0811381340026855,
  "val_loss": 0.025090457871556282,
  "val_mae": 0.6114045977592468,
  "val_masked_mae": 0.025090457871556282,
  "val_masked_rmse": 0.037538331001996994,
  "val_rmse": 1.0853824615478516,
  "epoch": 9,
  "global_step": 6390
}