{
  "loss": 0.24037960171699524,
  "masked_mae": 0.24118177592754364,
  "mae": 0.23957744240760803,
  "rmse": 0.3625830113887787,
  "masked_rmse": 0.36421117186546326,
  "val_loss": 0.311874657869339,
  "val_masked_mae": 0.31273573637008667,
  "val_mae": 0.3110135793685913,
  "val_rmse": 0.47675466537475586,
  "val_masked_rmse": 0.4787464141845703,
  "epoch": 8,
  "global_step": 5751
}