{
  "loss": 0.03458502143621445,
  "mae": 0.5659728646278381,
  "masked_mae": 0.03458502143621445,
  "masked_rmse": 0.05298268795013428,
  "rmse": 0.8281164169311523,
  "val_loss": 0.030335256829857826,
  "val_mae": 0.5727609395980835,
  "val_masked_mae": 0.030335256829857826,
  "val_masked_rmse": 0.046836089342832565,
  "val_rmse": 0.8383402824401855,
  "epoch": 9,
  "global_step": 6390
}