{
  "loss": 0.11917472630739212,
  "mae": 0.18165111541748047,
  "masked_mae": 0.11917472630739212,
  "masked_rmse": 0.17222660779953003,
  "rmse": 0.9459949731826782,
  "val_loss": 0.1353481560945511,
  "val_mae": 0.19487202167510986,
  "val_masked_mae": 0.1353481560945511,
  "val_masked_rmse": 0.2211659699678421,
  "val_rmse": 0.9336557984352112,
  "epoch": 7,
  "global_step": 5112
}