{
  "loss": 0.02859293855726719,
  "mae": 0.02859293855726719,
  "masked_mae": 0.03191973641514778,
  "masked_rmse": 0.044635288417339325,
  "rmse": 0.039657995104789734,
  "val_loss": 0.027802010998129845,
  "val_mae": 0.027802010998129845,
  "val_masked_mae": 0.031150756403803825,
  "val_masked_rmse": 0.044274359941482544,
  "val_rmse": 0.038740940392017365,
  "epoch": 8,
  "global_step": 5751
}