{
  "loss": 0.0419175922870636,
  "mae": 0.27920109033584595,
  "masked_mae": 0.0419175922870636,
  "masked_rmse": 0.06135614588856697,
  "rmse": 1.007956862449646,
  "val_loss": 0.046930212527513504,
  "val_mae": 0.2863011360168457,
  "val_masked_mae": 0.046930212527513504,
  "val_masked_rmse": 0.1697109490633011,
  "val_rmse": 1.04666268825531,
  "epoch": 8,
  "global_step": 5751
}